method,structure,metric,estimate,ci_low,ci_high,effect_scale,p_raw,test,n_pairs,tested,better,p_adj,marker
nlmixr2-SCM,Analytic,Convergence,3.894392629785342,3.07699083552468,4.711794424046004,log-odds (OR),9.804443800308327e-21,mixed-effects,1600,TRUE,TRUE,8.823999420277495e-20,***
PsN-SCM,Analytic,Convergence,NA,NA,NA,NA,NA,NA,0,FALSE,NA,NA,
nlmixr2-VAE,Analytic,Convergence,0.155,NA,NA,risk diff,4.421718300208296e-75,McNemar (exact) [separation fallback],1600,TRUE,TRUE,7.074749280333273e-74,***
nlmixr2-SCM,ODE,Convergence,5.507738519859259,4.694413579234767,6.321063460483752,log-odds (OR),3.325326672493209e-40,mixed-effects,1600,TRUE,TRUE,4.322924674241172e-39,***
PsN-SCM,ODE,Convergence,NA,NA,NA,NA,NA,NA,0,FALSE,NA,NA,
nlmixr2-VAE,ODE,Convergence,7.301340376344716,5.3248039893315,9.277876763357932,log-odds (OR),4.4784244365831324e-13,mixed-effects,1600,TRUE,TRUE,2.2392122182915662e-12,***
nlmixr2-SCM,Analytic,CovStep,5.92897907927131,5.116979570136595,6.740978588406025,log-odds (OR),1.859033288518972e-46,mixed-effects,1600,TRUE,TRUE,2.602646603926561e-45,***
PsN-SCM,Analytic,CovStep,NA,NA,NA,NA,NA,NA,0,FALSE,NA,NA,
nlmixr2-VAE,Analytic,CovStep,0.580625,NA,NA,risk diff,4.407212831701317e-280,McNemar (exact) [separation fallback],1600,TRUE,TRUE,7.932983097062371e-279,***
nlmixr2-SCM,ODE,CovStep,0.99625,NA,NA,risk diff,0,McNemar (exact) [separation fallback],1600,TRUE,TRUE,0,***
PsN-SCM,ODE,CovStep,NA,NA,NA,NA,NA,NA,0,FALSE,NA,NA,
nlmixr2-VAE,ODE,CovStep,0.999375,NA,NA,risk diff,0,McNemar (exact) [separation fallback],1600,TRUE,TRUE,0,***
nlmixr2-SCM,Analytic,Power,0.5584238157554189,0.37958954884635654,0.7372580826644812,log-odds (OR),9.34278160397113e-10,mixed-effects,1600,TRUE,TRUE,3.737112641588452e-9,***
PsN-SCM,Analytic,Power,NA,NA,NA,NA,NA,NA,0,FALSE,NA,NA,
nlmixr2-VAE,Analytic,Power,-1.072408343928661,-1.26174945853599,-0.8830672293213319,log-odds (OR),1.2372126334703874e-28,mixed-effects,1600,TRUE,FALSE,1.3609338968174262e-27,***
nlmixr2-SCM,ODE,Power,0.42767049216977315,0.24749538043946387,0.6078456039000825,log-odds (OR),3.282045170509835e-6,mixed-effects,1600,TRUE,TRUE,7.509892204590516e-6,***
PsN-SCM,ODE,Power,NA,NA,NA,NA,NA,NA,0,FALSE,NA,NA,
nlmixr2-VAE,ODE,Power,-1.0204973604989047,-1.2474722184273572,-0.7935225025704522,log-odds (OR),1.2258333512422645e-18,mixed-effects,1600,TRUE,FALSE,8.580833458695851e-18,***
nlmixr2-SCM,Analytic,FalsePos,-0.4238741196343708,-0.6003434929847519,-0.24740474628398978,log-odds (OR),2.503297401530172e-6,mixed-effects,1600,TRUE,TRUE,7.509892204590516e-6,***
PsN-SCM,Analytic,FalsePos,NA,NA,NA,NA,NA,NA,0,FALSE,NA,NA,
nlmixr2-VAE,Analytic,FalsePos,1.3733045897455127,1.1283968272817022,1.6182123522093232,log-odds (OR),4.24217438672957e-28,mixed-effects,1600,TRUE,FALSE,4.2421743867295696e-27,***
nlmixr2-SCM,ODE,FalsePos,-0.050430895770020454,-0.22856117962786915,0.12769938808782827,log-odds (OR),0.5789628268996363,mixed-effects,1600,TRUE,TRUE,0.5789628268996363,ns
PsN-SCM,ODE,FalsePos,NA,NA,NA,NA,NA,NA,0,FALSE,NA,NA,
nlmixr2-VAE,ODE,FalsePos,1.4588839739780963,1.223577503477766,1.6941904444784266,log-odds (OR),5.60713648328896e-34,mixed-effects,1600,TRUE,FALSE,6.728563779946753e-33,***
nlmixr2-SCM,Analytic,Accuracy,-10.943100681036352,-12.003472710640741,-9.882728651431963,mean diff (%),5.628740793535619e-91,mixed-effects,1365,TRUE,TRUE,9.568859349010553e-90,***
PsN-SCM,Analytic,Accuracy,NA,NA,NA,NA,NA,NA,0,FALSE,NA,NA,
nlmixr2-VAE,Analytic,Accuracy,4.125390668446506,3.225985341157976,5.024795995735035,mean diff (%),2.469509265324005e-19,mixed-effects,1468,TRUE,FALSE,1.975607412259204e-18,***
nlmixr2-SCM,ODE,Accuracy,-11.163560908365778,-12.358506633750192,-9.968615182981363,mean diff (%),6.769119753945396e-75,mixed-effects,1370,TRUE,TRUE,1.0153679630918093e-73,***
PsN-SCM,ODE,Accuracy,NA,NA,NA,NA,NA,NA,0,FALSE,NA,NA,
nlmixr2-VAE,ODE,Accuracy,4.017567222872189,2.966885773931798,5.068248671812579,mean diff (%),6.650347146053561e-14,mixed-effects,1463,TRUE,FALSE,3.990208287632137e-13,***
nlmixr2-SCM,Analytic,Runtime,0.46093301425052685,0.4409919185166989,0.4808741099843548,log-fold (x),0,mixed-effects,1600,TRUE,FALSE,0,***
PsN-SCM,Analytic,Runtime,NA,NA,NA,NA,NA,NA,0,FALSE,NA,NA,
nlmixr2-VAE,Analytic,Runtime,NA,NA,NA,NA,NA,NA,0,FALSE,NA,NA,†
nlmixr2-SCM,ODE,Runtime,-1.1572190945164698,-1.179737077474141,-1.1347011115587986,log-fold (x),0,mixed-effects,1600,TRUE,TRUE,0,***
PsN-SCM,ODE,Runtime,NA,NA,NA,NA,NA,NA,0,FALSE,NA,NA,
nlmixr2-VAE,ODE,Runtime,NA,NA,NA,NA,NA,NA,0,FALSE,NA,NA,†
