sample_N,scenario,structure,parameter,param_class,true_value,n_used,MedRE_pct,MeanRE_pct,MARE_pct,RMRSE_pct,P90AbsRE_pct
80,1,linCmt,TVCL,structural_intercept,0.6,100,-0.23849614588213516,0.6576539528729987,2.7609787607193925,5.149585846700056,5.3762366096413245
80,1,linCmt,TVVc,structural_intercept,20,100,0.9132015652811631,1.5660838234419532,3.466498333330366,9.26073898611324,10.28969081301836
80,1,linCmt,ResErr,structural_other,0.1,100,13.887432667499999,14.012582903968996,13.887432667499999,14.565658879688744,18.496069678299992
80,1,linCmt,TVKA,structural_other,0.7,100,0,0,0,0,0
80,1,linCmt,TVQ,structural_other,1.8,100,3.447852620759257,3.602950031230873,3.447852620759257,3.890488105891582,5.548478383775353
80,1,linCmt,TVVp,structural_other,80,100,1.7308247420069736,1.6827035036950493,1.7308247420069736,2.089049400024922,3.2319522442869877
80,1,linCmt,cov_VcCL,structural_other,0.02,100,-13.804742837499978,-10.5907219443289,28.299820113249996,42.89227164349176,67.63136174875997
80,1,linCmt,var_CL,structural_other,0.1,100,-3.108334420199997,-2.122799396322005,10.704982770050005,15.726968386714152,25.829257798929973
80,1,linCmt,var_Vc,structural_other,0.1,100,-45.2779129866,-46.081784748684,45.2779129866,48.69645771843446,65.25280633495
80,1,ode,TVCL,structural_intercept,0.6,98,-0.2765675345472359,0.612593665491584,2.7500655433505736,5.14827196894947,5.326522269346587
80,1,ode,TVVc,structural_intercept,20,98,0.980319282331612,1.899079129642908,3.444741731905454,8.957680610902722,9.802537927260339
80,1,ode,ResErr,structural_other,0.1,98,13.865568186999994,14.02366165133877,13.865568186999994,14.61011447876596,18.76129454339999
80,1,ode,TVKA,structural_other,0.7,98,0,0,0,0,0
80,1,ode,TVQ,structural_other,1.8,98,3.4660623484620476,3.6106304142622947,3.4660623484620476,3.9044630221831835,5.6165823188171595
80,1,ode,TVVp,structural_other,80,98,1.689104578253238,1.6855541844111188,1.689104578253238,2.093659163679733,3.165716619408718
80,1,ode,cov_VcCL,structural_other,0.02,98,-14.305782497999992,-11.18639269700337,28.710548000500008,43.38298356640349,66.44944055036501
80,1,ode,var_CL,structural_other,0.1,98,-2.955856299799976,-2.1697942615683723,11.19760865460001,15.78500495756058,25.757624302560018
80,1,ode,var_Vc,structural_other,0.1,98,-45.672188339150004,-46.14161891029184,45.672188339150004,48.77393507069222,65.86873315145
80,2,linCmt,VcSEX,covariate_beta,0.4054651081081644,98,-10.382260596498597,-8.053915286575709,14.385533614261076,20.534109187410102,35.044909479672974
80,2,linCmt,TVCL,structural_intercept,0.6,100,0.353863517378511,0.6755868231821326,2.48758884940542,5.982563013393064,7.4907387206566725
80,2,linCmt,TVVc,structural_intercept,20,100,1.8462158443507004,1.9828585555572165,4.046839468037531,7.191966589060937,10.480728237166732
80,2,linCmt,ResErr,structural_other,0.1,100,8.935657569999998,9.369965863763994,8.935657569999998,10.390992029790224,15.478658244799995
80,2,linCmt,TVKA,structural_other,0.7,100,0,0,0,0,0
80,2,linCmt,TVQ,structural_other,1.8,100,2.824969598337125,2.8987000350847665,2.824969598337125,3.375957479558938,4.891540039472039
80,2,linCmt,TVVp,structural_other,80,100,1.3251200547656428,1.3263611066537224,1.3476215821450754,1.8249901645078992,2.8458085116116436
80,2,linCmt,cov_VcCL,structural_other,0.02,100,-4.143831888250033,-4.173487199273006,26.29867141375003,39.39192281821151,60.04008754095504
80,2,linCmt,var_CL,structural_other,0.1,100,-3.8975442516000216,-2.00525509723801,12.230421547000006,16.87188743201244,26.84373113587001
80,2,linCmt,var_Vc,structural_other,0.1,100,-26.970051823000002,-25.59669808320701,26.970051823000002,32.31002779005847,49.92067931338998
80,2,ode,VcSEX,covariate_beta,0.4054651081081644,95,-10.009978295428851,-7.623029061914026,13.394653583199903,20.537040287308734,35.1083264674379
80,2,ode,TVCL,structural_intercept,0.6,97,0.4489235021173007,0.7663146851189896,2.531404914552615,6.053739329325408,7.547328953965901
80,2,ode,TVVc,structural_intercept,20,97,1.9779926420804192,2.0482042213600815,4.195032918358752,7.27042791254561,10.535890453318277
80,2,ode,ResErr,structural_other,0.1,97,9.273623963999999,9.48504262900618,9.273623963999999,10.492278180415733,15.283878094999997
80,2,ode,TVKA,structural_other,0.7,97,0,0,0,0,0
80,2,ode,TVQ,structural_other,1.8,97,2.7804362825891222,2.8790186380059684,2.7804362825891222,3.3699459376802707,4.913109530261216
80,2,ode,TVVp,structural_other,80,97,1.344200885084632,1.3291630323231618,1.3565621877307876,1.8279905160751342,2.8702561950261862
80,2,ode,cov_VcCL,structural_other,0.02,97,-7.336280690999983,-3.9442361788721696,26.48287019750007,39.62640772012439,62.175865949900015
80,2,ode,var_CL,structural_other,0.1,97,-3.2051398335000147,-1.8228653996309316,12.34755984819999,17.035931940829872,26.659904851360018
80,2,ode,var_Vc,structural_other,0.1,97,-26.975705681100038,-25.339202937352585,26.975705681100038,32.117396029859826,49.670022070959995
80,3,linCmt,VcBW,covariate_beta,1,95,-8.815489191799998,-6.470944603448421,14.9623842999,20.738631438878034,33.61375539180001
80,3,linCmt,TVCL,structural_intercept,0.6,100,0.824937487311328,0.7929427009359822,2.9416691170668274,7.7623666479223346,8.035611548098679
80,3,linCmt,TVVc,structural_intercept,20,100,1.0863159141569145,2.1108162373065937,3.0357120651122576,8.028520112300598,9.28500129531816
80,3,linCmt,ResErr,structural_other,0.1,100,11.731991769499995,11.933210358629994,11.731991769499995,12.893518935360838,18.392939015699998
80,3,linCmt,TVKA,structural_other,0.7,100,0,0,0,0,0
80,3,linCmt,TVQ,structural_other,1.8,100,3.3415978462411067,3.3782005956530434,3.3415978462411067,3.7473612321571967,5.273965346440171
80,3,linCmt,TVVp,structural_other,80,100,1.6923846270276321,1.6500648700546805,1.72272021220806,2.1797143518208184,3.4060508514726853
80,3,linCmt,cov_VcCL,structural_other,0.02,100,-6.351851554000001,-6.7379433400041515,26.57946361549999,44.777276434774585,77.13843169625004
80,3,linCmt,var_CL,structural_other,0.1,100,-4.739431981549982,-2.264259543538003,13.58496565649997,17.05308217257443,24.957578974400004
80,3,linCmt,var_Vc,structural_other,0.1,100,-37.424612501799984,-36.038301768551,37.424612501799984,40.316675527874715,56.846186980439995
80,3,ode,VcBW,covariate_beta,1,87,-6.5330176644999955,-6.203127412632184,15.147586520800004,20.931087195052005,34.029188615500004
80,3,ode,TVCL,structural_intercept,0.6,92,0.44863163375365633,0.2096232587594794,2.991554645179954,7.014721524025809,7.92544759561564
80,3,ode,TVVc,structural_intercept,20,92,0.9983883466815512,2.0427858667212524,3.2614520329069125,8.184924605973027,9.333845172509813
80,3,ode,ResErr,structural_other,0.1,92,11.57247892499999,11.79688324288043,11.57247892499999,12.696649948349725,18.135732026
80,3,ode,TVKA,structural_other,0.7,92,0,0,0,0,0
80,3,ode,TVQ,structural_other,1.8,92,3.2900148551734274,3.3160436742588417,3.2900148551734274,3.6930076870986532,5.202776003739094
80,3,ode,TVVp,structural_other,80,92,1.7231410451869333,1.6626861028338942,1.7458256751737178,2.1607662556304286,3.497799822073095
80,3,ode,cov_VcCL,structural_other,0.02,92,-4.424942179250017,-5.197562961909672,25.935276381250063,44.71700907808239,77.50917804021502
80,3,ode,var_CL,structural_other,0.1,92,-3.3601785409999794,-1.6776847049913075,13.894605713149987,17.34280379966129,25.21585728880001
80,3,ode,var_Vc,structural_other,0.1,92,-37.66547327769999,-36.32836910940652,37.66547327769999,40.46923175756843,54.42059015573002
80,4,linCmt,VcBW,covariate_beta,1,87,-5.0863184281,-6.459268078239079,9.730528215699996,15.010018114125087,26.0389148666
80,4,linCmt,VcSEX,covariate_beta,0.4054651081081644,100,-4.574863883778632,-2.0989600155444346,15.720176149533529,22.666642734529987,35.56196355750795
80,4,linCmt,TVCL,structural_intercept,0.6,100,0.5511612478779256,0.7024350335302009,2.930311743091357,7.089114558747268,6.838332508777673
80,4,linCmt,TVVc,structural_intercept,20,100,3.0917860609913017,3.325451942170327,3.577476814521026,8.491283391323824,11.584000219781542
80,4,linCmt,ResErr,structural_other,0.1,100,8.15888490999999,8.656478455661995,8.15888490999999,9.852273574817684,15.016685172299999
80,4,linCmt,TVKA,structural_other,0.7,100,0,0,0,0,0
80,4,linCmt,TVQ,structural_other,1.8,100,2.8873057189783586,3.0161529848552164,2.8873057189783586,3.5410170088571955,5.447108481913471
80,4,linCmt,TVVp,structural_other,80,100,1.0907051169746396,1.0963190390476258,1.2451760689980063,1.845679788398781,3.000331441322722
80,4,linCmt,cov_VcCL,structural_other,0.02,100,-13.494134348750014,-9.389636499056554,32.31764652875002,40.959435699216485,63.933763623215015
80,4,linCmt,var_CL,structural_other,0.1,100,-5.42544867655001,-3.7701982050110034,10.329117929250016,16.973120643276935,27.925967159140008
80,4,linCmt,var_Vc,structural_other,0.1,100,-25.240711189599995,-24.498279975992006,26.09218548055,30.846048512613855,49.592854337160034
80,4,ode,VcBW,covariate_beta,1,85,-4.838663457600001,-6.356578933515294,9.681805055000003,15.072192902650336,25.94362865526001
80,4,ode,VcSEX,covariate_beta,0.4054651081081644,96,-4.985461107980687,-3.0041894007972223,15.338284795250356,22.065372249471583,32.537404548252894
80,4,ode,TVCL,structural_intercept,0.6,96,0.6448774009231347,0.6608404808159927,2.9420723715351818,7.175932247981969,6.662593511031148
80,4,ode,TVVc,structural_intercept,20,96,3.1846067082793006,3.32819473507933,3.6150268553429217,8.420607613148206,11.328916419876684
80,4,ode,ResErr,structural_other,0.1,96,8.060782981499996,8.55485192577291,8.060782981499996,9.774296334740452,14.535286536999994
80,4,ode,TVKA,structural_other,0.7,96,0,0,0,0,0
80,4,ode,TVQ,structural_other,1.8,96,2.8318870189484375,3.0084748774422656,2.8318870189484375,3.5292142532624666,5.3609162414260325
80,4,ode,TVVp,structural_other,80,96,1.146539662566468,1.1146887087534938,1.2871251711223053,1.8349287654783157,3.0284983117698783
80,4,ode,cov_VcCL,structural_other,0.02,96,-12.396843550499968,-8.483874444755052,32.17278173800003,41.16824990597193,64.560133663875
80,4,ode,var_CL,structural_other,0.1,96,-5.299898334099988,-3.752312733561463,10.292322998250004,16.984090844493902,28.12889324060004
80,4,ode,var_Vc,structural_other,0.1,96,-24.23709156005,-24.06195217475417,25.451794984450014,30.656669727386603,49.5622935377
80,5,linCmt,CLcrCL,covariate_beta,0.5,100,4.584091735499996,4.162231077314,10.908753839800001,19.719749270719163,31.935558029200024
80,5,linCmt,TVCL,structural_intercept,0.6,100,0.8185355360218565,1.0865123036816464,2.279813070359321,6.806750476765779,8.051583141975929
80,5,linCmt,TVVc,structural_intercept,20,100,0.6963731248752136,1.239214810775293,2.9294433953659116,6.984668819813053,7.956698960545657
80,5,linCmt,ResErr,structural_other,0.1,100,14.970510364999996,14.614920851769995,14.970510364999996,15.64490381168446,21.1408894206
80,5,linCmt,TVKA,structural_other,0.7,100,0,0,0,0,0
80,5,linCmt,TVQ,structural_other,1.8,100,3.677040091851781,3.5098884829368036,3.677040091851781,3.884621453489507,5.649632002309828
80,5,linCmt,TVVp,structural_other,80,100,2.0811526898571397,1.811700224624337,2.0811526898571397,2.2856125768158218,3.2649945159333233
80,5,linCmt,cov_VcCL,structural_other,0.02,100,-26.58442591724995,-24.0975791611924,37.02085744975,48.35496556640063,78.51246508973
80,5,linCmt,var_CL,structural_other,0.1,100,-8.760976173350011,-6.7913658460120025,13.68465586699999,18.984287556389102,30.36333519800005
80,5,linCmt,var_Vc,structural_other,0.1,100,-50.74127470680001,-48.484908828667,50.74127470680001,51.858859004081324,67.87899679516002
80,5,ode,CLcrCL,covariate_beta,0.5,94,4.825332957299999,4.825325967312766,10.480070772200001,19.692992591004973,32.9251981781
80,5,ode,TVCL,structural_intercept,0.6,94,1.0001882053252884,1.1664944897453222,2.398216793135751,6.979779921883361,8.051347053194558
80,5,ode,TVVc,structural_intercept,20,94,0.2874376128413392,0.8604399779074364,2.8293632591332862,7.293553608127845,7.802535011103146
80,5,ode,ResErr,structural_other,0.1,94,14.567102431499995,14.621063179425525,14.567102431499995,15.74143848927042,21.556622526899993
80,5,ode,TVKA,structural_other,0.7,94,0,0,0,0,0
80,5,ode,TVQ,structural_other,1.8,94,3.673351946585252,3.5476938178502255,3.673351946585252,3.9422626683909177,5.682622606972008
80,5,ode,TVVp,structural_other,80,94,2.059044472853806,1.8929174923084404,2.059044472853806,2.3277117348949785,3.267963916964213
80,5,ode,cov_VcCL,structural_other,0.02,94,-25.77424912825001,-22.873661798691273,35.082953437499995,48.37005848309319,77.526976536735
80,5,ode,var_CL,structural_other,0.1,94,-9.622548647900013,-6.953319259136176,14.0282529461,19.508081943529163,30.573213595230005
80,5,ode,var_Vc,structural_other,0.1,94,-51.681137557699984,-49.07282483476595,51.681137557699984,52.263952522709964,67.55015936170999
80,6,linCmt,CLcrCL,covariate_beta,0.5,100,1.7201733730000002,2.251789759912,12.527227940500001,18.67175000779203,29.42540850160003
80,6,linCmt,VcSEX,covariate_beta,0.4054651081081644,99,-9.889980714312644,-9.254553327866184,14.642125129377801,22.271179843960866,40.28417145077531
80,6,linCmt,TVCL,structural_intercept,0.6,100,1.4888528861733605,1.4774278687980693,2.857632403610542,6.072856981583481,8.357830145414137
80,6,linCmt,TVVc,structural_intercept,20,100,1.2904574446603512,3.5690857723532665,3.558703507797958,12.053883967055048,9.825595953342765
80,6,linCmt,ResErr,structural_other,0.1,100,12.003140624,11.944820889129995,12.003140624,12.866399719222901,18.664099190700004
80,6,linCmt,TVKA,structural_other,0.7,100,0,0,0,0,0
80,6,linCmt,TVQ,structural_other,1.8,100,3.187758889359639,3.2837868351543675,3.187758889359639,3.709631599093614,5.355996809780582
80,6,linCmt,TVVp,structural_other,80,100,1.6776439313210025,1.6311995193919626,1.6776439313210025,2.0641958041644886,3.1725466687629162
80,6,linCmt,cov_VcCL,structural_other,0.02,100,-4.995783181750025,-4.447586683321457,31.764122688749985,43.04572578053356,72.066818666585
80,6,linCmt,var_CL,structural_other,0.1,100,-5.151070650850014,-3.1776231204490064,11.654424048499992,15.823712093210784,24.890396728690003
80,6,linCmt,var_Vc,structural_other,0.1,100,-31.636491292900004,-30.895274857217007,31.636491292900004,35.36871567931467,53.92744809421001
80,6,ode,CLcrCL,covariate_beta,0.5,97,1.614754202799995,1.9618616997896916,12.9547313406,18.52084716468016,30.18718258856002
80,6,ode,VcSEX,covariate_beta,0.4054651081081644,96,-10.179495049708152,-9.541759834262633,14.307813230386285,21.948574859310696,39.66317746033104
80,6,ode,TVCL,structural_intercept,0.6,97,1.3954405532540608,1.3414518476966766,2.836650185780184,6.038009639702779,8.288849886950912
80,6,ode,TVVc,structural_intercept,20,97,1.1664912400408944,3.632709768183147,3.566560544361312,12.21948020733465,10.084030277224167
80,6,ode,ResErr,structural_other,0.1,97,12.152301748,11.919403788711335,12.152301748,12.877442575600687,19.073012971599994
80,6,ode,TVKA,structural_other,0.7,97,0,0,0,0,0
80,6,ode,TVQ,structural_other,1.8,97,3.1671551846279318,3.269916878737516,3.1671551846279318,3.703312387727146,5.347075175831938
80,6,ode,TVVp,structural_other,80,97,1.6027594680555701,1.6260241819461736,1.6027594680555701,2.047950650517639,3.2220235439395326
80,6,ode,cov_VcCL,structural_other,0.02,97,-2.3912011085,-3.765923212649281,33.297890601000006,43.66402131839046,73.11804577846
80,6,ode,var_CL,structural_other,0.1,97,-5.258466928699981,-3.371633255523719,11.649758813200032,15.936296028211485,25.074340782740002
80,6,ode,var_Vc,structural_other,0.1,97,-30.131706920400013,-30.732957567584542,30.131706920400013,35.29702608688734,53.42309137848
80,7,linCmt,CLcrCL,covariate_beta,0.5,99,-0.036131781000003915,1.3073328226565655,10.582242527199991,16.078129747353152,25.457858819999995
80,7,linCmt,VcBW,covariate_beta,1,90,-9.65831281115,-6.126284313825555,12.955310017650001,20.97333614792569,30.755911784420007
80,7,linCmt,TVCL,structural_intercept,0.6,100,-0.016343033789426958,0.5787439503829352,2.500711415335662,6.439196653348814,7.44593424751121
80,7,linCmt,TVVc,structural_intercept,20,100,0.9066162153583422,2.0760173738643117,3.8012228796893677,9.689643631947206,10.03321466618441
80,7,linCmt,ResErr,structural_other,0.1,100,12.8881583405,12.418284184319994,12.8881583405,13.335127088341366,18.4915382127
80,7,linCmt,TVKA,structural_other,0.7,100,0,0,0,0,0
80,7,linCmt,TVQ,structural_other,1.8,100,3.5094595786390057,3.3397961749476477,3.5094595786390057,3.74389967364128,5.1710710939908315
80,7,linCmt,TVVp,structural_other,80,100,1.7768902152010921,1.6296181461644275,1.7956865061495808,2.150587441441657,3.603876084575692
80,7,linCmt,cov_VcCL,structural_other,0.02,100,1.3571076915000133,-0.5060323590247615,33.61916876574998,43.45740879373575,67.20639843597999
80,7,linCmt,var_CL,structural_other,0.1,100,-3.6721048628000004,-3.2924515617160086,11.776397875250005,17.140036569249016,27.969926814429975
80,7,linCmt,var_Vc,structural_other,0.1,100,-35.410113740000014,-33.042128468947006,35.410113740000014,37.77215794079509,53.64217660992
80,7,ode,CLcrCL,covariate_beta,0.5,96,0.07832738099999847,1.3725183378291663,9.5465918047,15.254408584946757,24.7483183407
80,7,ode,VcBW,covariate_beta,1,87,-9.769999485500003,-5.791044738697701,12.927934480000003,21.576923031567098,32.33641462938001
80,7,ode,TVCL,structural_intercept,0.6,97,0.019843869534426815,0.611280806125501,2.5273739563305884,6.514371018771908,7.501190748256597
80,7,ode,TVVc,structural_intercept,20,97,0.8438332729574681,1.8903005420738423,3.7010304428403806,9.478295777366808,10.03915911528216
80,7,ode,ResErr,structural_other,0.1,97,12.999035224999997,12.47229805362886,12.999035224999997,13.37845556406855,18.112782979799995
80,7,ode,TVKA,structural_other,0.7,97,0,0,0,0,0
80,7,ode,TVQ,structural_other,1.8,97,3.4664473141533536,3.350276181511865,3.4664473141533536,3.730792382156907,5.111791661625209
80,7,ode,TVVp,structural_other,80,97,1.8202530861449164,1.6338971403712808,1.8738543877531377,2.1595436861998363,3.5273764326219745
80,7,ode,cov_VcCL,structural_other,0.02,97,0.7335269595000298,-1.3213156518560836,32.969134651000076,43.49354758006564,68.7784970499
80,7,ode,var_CL,structural_other,0.1,97,-3.493052791799997,-3.2910957501453626,12.267645867700002,17.346889201201762,28.264421115799976
80,7,ode,var_Vc,structural_other,0.1,97,-35.0635617249,-33.19739430565258,35.0635617249,38.03245366909834,55.177057418059995
80,8,linCmt,CLcrCL,covariate_beta,0.5,100,-1.5013180944000004,-1.3063697026619996,12.647443664499997,18.915928560975086,31.559787574060007
80,8,linCmt,VcBW,covariate_beta,1,81,-5.464136560199995,-3.4014254555382726,10.778008763999992,28.334703492988083,31.064275509100003
80,8,linCmt,VcSEX,covariate_beta,0.4054651081081644,98,-4.662837401318602,-0.15435524221947503,14.367058814456596,23.028580674507023,35.9977769161576
80,8,linCmt,TVCL,structural_intercept,0.6,100,0.3698391289086722,1.100632966589618,2.9103591165022724,6.101207327655858,7.6232562806816135
80,8,linCmt,TVVc,structural_intercept,20,100,3.6872362788534474,3.3478287107458695,4.344767340826348,7.22374942799586,11.846418997578168
80,8,linCmt,ResErr,structural_other,0.1,100,11.296716912499997,11.128510497302994,11.296716912499997,12.312973230243657,16.94908701859999
80,8,linCmt,TVKA,structural_other,0.7,100,0,0,0,0,0
80,8,linCmt,TVQ,structural_other,1.8,100,3.363266989893489,3.1898237888472423,3.363266989893489,3.7138335720427658,5.500114693335415
80,8,linCmt,TVVp,structural_other,80,100,1.387215166683573,1.4562447149507087,1.3897586556840036,2.070392389962435,3.2901684119279397
80,8,linCmt,cov_VcCL,structural_other,0.02,100,0.7637164187499889,3.9422988920620003,27.117581044499943,44.35518333899975,64.16115312289999
80,8,linCmt,var_CL,structural_other,0.1,100,-4.174389079550034,-2.040386375512003,9.896039490500018,15.236117768329995,24.01833932973002
80,8,linCmt,var_Vc,structural_other,0.1,100,-22.69448997460001,-22.947134576736,23.034961309499995,30.03250724363728,46.69779396378002
80,8,ode,CLcrCL,covariate_beta,0.5,98,-1.6832866209000041,-1.6602854587673472,12.631160477600002,18.847712129189503,31.469307973099998
80,8,ode,VcBW,covariate_beta,1,80,-5.51498814495,-3.3876869580775,10.791072497350001,28.469261530631396,31.222620771810018
80,8,ode,VcSEX,covariate_beta,0.4054651081081644,96,-4.76622325255889,0.05423678338532505,14.413085935269809,23.104047652309475,36.37769558216889
80,8,ode,TVCL,structural_intercept,0.6,98,0.3664433596754687,1.0727171875475683,2.967492132735487,6.097361132121398,7.575380171835952
80,8,ode,TVVc,structural_intercept,20,98,3.497775500480085,3.281960760610372,4.2613957161088845,7.252644730546908,11.880690206147893
80,8,ode,ResErr,structural_other,0.1,98,11.21484301149999,11.193592289007137,11.21484301149999,12.427028373882818,17.22484156439999
80,8,ode,TVKA,structural_other,0.7,98,0,0,0,0,0
80,8,ode,TVQ,structural_other,1.8,98,3.10834803334877,3.160987172122292,3.10834803334877,3.7034286951039754,5.501686296373965
80,8,ode,TVVp,structural_other,80,98,1.3666795837247658,1.4629614216692148,1.4374835327875335,2.05214952002109,3.0219257697033646
80,8,ode,cov_VcCL,structural_other,0.02,98,0.6649902117500037,4.806871845840305,27.794135425249966,44.05511798440706,62.49746102019997
80,8,ode,var_CL,structural_other,0.1,98,-4.097583444400005,-1.903443767159187,10.066345455250016,15.194707829272557,23.980727419499992
80,8,ode,var_Vc,structural_other,0.1,98,-22.187425061749998,-22.34535036682143,23.296729517749977,29.451334334408703,45.654110779640035
80,9,linCmt,CLBW,covariate_beta,0.75,86,5.259245073133334,3.876383968006202,19.53130320593333,23.94239463688516,36.87229593466667
80,9,linCmt,TVCL,structural_intercept,0.6,100,0.5314124802999476,1.3823781044467176,4.1003479604368,11.098755310151546,14.299670566993692
80,9,linCmt,TVVc,structural_intercept,20,100,0.6201346366013638,2.1033550810442008,2.645306593185923,9.527151187121518,8.18087963835753
80,9,linCmt,ResErr,structural_other,0.1,100,16.347975952499997,16.399164146879993,16.347975952499997,17.29536516653213,22.495372376300004
80,9,linCmt,TVKA,structural_other,0.7,100,0,0,0,0,0
80,9,linCmt,TVQ,structural_other,1.8,100,4.155532351551207,3.9574623498396577,4.155532351551207,4.209261794658334,5.533204703836076
80,9,linCmt,TVVp,structural_other,80,100,1.8745413014041736,1.8462859549129782,1.8745413014041736,2.184973825863425,3.1563506764910882
80,9,linCmt,cov_VcCL,structural_other,0.02,100,-22.572264055999998,-22.693998340479553,30.567188126250006,44.51253672725538,69.30859093825502
80,9,linCmt,var_CL,structural_other,0.1,100,-10.002951945849992,-8.136197229992003,12.93357527145001,18.13900337734743,28.32728855428001
80,9,linCmt,var_Vc,structural_other,0.1,100,-51.51915321635001,-48.262799143827,51.51915321635001,51.40184422723762,68.97188791931
80,9,ode,CLBW,covariate_beta,0.75,83,3.369314259199996,3.2048047426168673,20.3917897128,23.98405189894425,36.245594785066665
80,9,ode,TVCL,structural_intercept,0.6,96,0.5796708488193896,1.2853130245498106,3.7505296814181186,9.79176985561617,11.509011696019977
80,9,ode,TVVc,structural_intercept,20,96,0.7378167436439131,2.6591371736963416,2.7506667521450012,10.426139131982733,8.054603680183225
80,9,ode,ResErr,structural_other,0.1,96,16.478682827999997,16.470017754927078,16.478682827999997,17.319050817478328,22.608698030999996
80,9,ode,TVKA,structural_other,0.7,96,0,0,0,0,0
80,9,ode,TVQ,structural_other,1.8,96,4.2665942417786775,4.090687512191256,4.2665942417786775,4.3264363675573545,5.6258263768418235
80,9,ode,TVVp,structural_other,80,96,2.0275421668274696,1.962189193482141,2.0275421668274696,2.2890024530697364,3.246843651225051
80,9,ode,cov_VcCL,structural_other,0.02,96,-23.975897338000017,-23.45146716135151,30.896817413750018,45.28412466893709,69.49394804022499
80,9,ode,var_CL,structural_other,0.1,96,-9.777687158950034,-7.876087697720843,12.68552904245003,18.16695679368364,28.479213990899986
80,9,ode,var_Vc,structural_other,0.1,96,-52.599118374450015,-49.456527981898965,52.599118374450015,52.31683797320089,69.02710338305002
80,10,linCmt,CLBW,covariate_beta,0.75,85,0.9012094806666612,1.9936786060752938,14.70008883453334,20.104140612293627,33.17215990874667
80,10,linCmt,VcSEX,covariate_beta,0.4054651081081644,100,-10.452777817039237,-10.0254140753168,15.72999758703038,21.60817252115141,32.96084276248315
80,10,linCmt,TVCL,structural_intercept,0.6,100,-8.462777839343193,-8.100749143030697,9.8015587297448,12.42032160956575,18.74223468486574
80,10,linCmt,TVVc,structural_intercept,20,100,2.397799029971228,3.364325519164619,4.322246887626129,9.655641841499298,11.283108331558534
80,10,linCmt,ResErr,structural_other,0.1,100,12.976473283999992,12.756486573029994,12.976473283999992,13.370599369806142,17.560048953899997
80,10,linCmt,TVKA,structural_other,0.7,100,0,0,0,0,0
80,10,linCmt,TVQ,structural_other,1.8,100,3.157139180896773,3.2741305390925923,3.157139180896773,3.665267608300919,5.615970656566556
80,10,linCmt,TVVp,structural_other,80,100,1.6096020711221737,1.501813504870823,1.6397326363926368,1.9323682634506754,3.035361805448526
80,10,linCmt,cov_VcCL,structural_other,0.02,100,-9.26675619574999,-10.538917868732453,28.816369271000035,43.16607335374478,74.94413205858007
80,10,linCmt,var_CL,structural_other,0.1,100,-5.728696860999999,-4.741632402153005,10.432420116800012,16.29847819930742,27.48294550512003
80,10,linCmt,var_Vc,structural_other,0.1,100,-33.48129881279999,-33.94198682817001,33.48129881279999,37.80203573558364,55.247278370700045
80,10,ode,CLBW,covariate_beta,0.75,82,1.0574731559333341,2.121086554295936,15.160154972866668,20.28401435782267,33.260311009359995
80,10,ode,VcSEX,covariate_beta,0.4054651081081644,97,-11.087825438279461,-10.04600990466953,16.102143172513774,21.82248796515016,33.22991999055599
80,10,ode,TVCL,structural_intercept,0.6,97,-8.018066029634934,-7.859654117440738,9.701173235585856,12.145051631599781,17.947579282167663
80,10,ode,TVVc,structural_intercept,20,97,2.33381789970025,2.933696048037026,4.389264660002272,8.807045350742246,11.233162941488882
80,10,ode,ResErr,structural_other,0.1,97,13.165528694999997,12.629369629907211,13.165528694999997,13.27521755763333,17.712826154199995
80,10,ode,TVKA,structural_other,0.7,97,0,0,0,0,0
80,10,ode,TVQ,structural_other,1.8,97,3.198513862538135,3.2727553890705043,3.198513862538135,3.681845141418755,5.587084566804062
80,10,ode,TVVp,structural_other,80,97,1.55292711510155,1.498228707919516,1.6627162751331426,1.929632713437467,2.9980613886626735
80,10,ode,cov_VcCL,structural_other,0.02,97,-8.839847130499983,-10.1633760559234,28.70353159249991,43.17689817262643,74.84897929892003
80,10,ode,var_CL,structural_other,0.1,97,-5.967226607000012,-4.748146501317533,10.250191347199983,16.409370710415004,27.494574566480033
80,10,ode,var_Vc,structural_other,0.1,97,-33.056176195199974,-33.72836798542475,33.056176195199974,37.64464991832758,52.95673659657998
80,11,linCmt,CLBW,covariate_beta,0.75,88,0.42961493986667004,4.535460622189394,13.806104821466668,28.142681142939807,34.82215487753333
80,11,linCmt,VcBW,covariate_beta,1,90,-8.537340735899996,-6.309072188968888,13.180655781,22.724525035395096,33.940986386860004
80,11,linCmt,TVCL,structural_intercept,0.6,100,-9.943315923056547,-9.046012483703949,10.497542784390385,12.573891085397557,17.266261140689537
80,11,linCmt,TVVc,structural_intercept,20,100,-10.066754625064949,-9.589843420241367,12.165746915085496,13.492499923648998,19.761311052475765
80,11,linCmt,ResErr,structural_other,0.1,100,12.944002222499995,13.388589368699993,12.944002222499995,14.21870932807156,19.12731932679999
80,11,linCmt,TVKA,structural_other,0.7,100,0,0,0,0,0
80,11,linCmt,TVQ,structural_other,1.8,100,3.1602189188795573,3.280239510352697,3.1602189188795573,3.671992319932498,5.5457623468411485
80,11,linCmt,TVVp,structural_other,80,100,1.6494861538211403,1.7144791152498113,1.6494861538211403,2.0885520807546407,3.3161118437085024
80,11,linCmt,cov_VcCL,structural_other,0.02,100,-10.534832934500013,-9.184811991130996,25.47523247050002,39.57721167088958,73.27312767336997
80,11,linCmt,var_CL,structural_other,0.1,100,-8.166096843899997,-6.101281333206003,12.286816622500009,16.25555538433926,25.926001121090025
80,11,linCmt,var_Vc,structural_other,0.1,100,-39.476218508900004,-38.869127678574,39.476218508900004,42.08168413181263,56.82793049289
80,11,ode,CLBW,covariate_beta,0.75,83,0.867914379733333,5.0028879516,13.636658992000003,28.015034226551077,33.052833057760004
80,11,ode,VcBW,covariate_beta,1,85,-8.202879510399995,-5.937920111623528,12.563704119000008,22.36697405489933,32.746593670520014
80,11,ode,TVCL,structural_intercept,0.6,95,-9.392834570557026,-8.66596719297987,10.460675940942393,12.207647783317748,16.910022302882957
80,11,ode,TVVc,structural_intercept,20,95,-9.80900622151978,-9.210360855143476,11.55142020682435,13.053404287001685,19.41677192848063
80,11,ode,ResErr,structural_other,0.1,95,12.603636115999988,13.281221942526312,12.603636115999988,14.133207598782043,18.794197479799994
80,11,ode,TVKA,structural_other,0.7,95,0,0,0,0,0
80,11,ode,TVQ,structural_other,1.8,95,3.1175494954437015,3.281201374596728,3.1175494954437015,3.6798192166460195,5.52259550799722
80,11,ode,TVVp,structural_other,80,95,1.6074119070135495,1.7247099891444893,1.6074119070135495,2.0985948391618883,3.30750873169966
80,11,ode,cov_VcCL,structural_other,0.02,95,-8.381200788499953,-7.759621240369471,24.388192162500022,38.20931161367001,60.09649319374003
80,11,ode,var_CL,structural_other,0.1,95,-8.731940944700034,-6.425289056372637,12.218412014000021,16.382478788207084,26.62184756374001
80,11,ode,var_Vc,structural_other,0.1,95,-39.99472397990001,-38.413302989047374,39.99472397990001,41.295715682071084,56.112358453080006
80,12,linCmt,CLBW,covariate_beta,0.75,87,-1.268122491866667,1.354500957708813,12.054190770799995,27.02630160699753,35.52730858538667
80,12,linCmt,VcBW,covariate_beta,1,83,-9.698546605699999,-8.398104697755421,12.811816744399994,18.670218276413106,28.21898351339999
80,12,linCmt,VcSEX,covariate_beta,0.4054651081081644,99,-0.506691681992109,2.604607340932292,15.116424812190008,23.138238627574413,35.10172702326116
80,12,linCmt,TVCL,structural_intercept,0.6,100,-10.025336337873835,-8.780698867946626,10.726484084055707,12.985628763384979,18.684252895801052
80,12,linCmt,TVVc,structural_intercept,20,100,-9.434027649583312,-8.917842358745773,10.416328429045159,12.856780611929866,19.51081173696783
80,12,linCmt,ResErr,structural_other,0.1,100,12.674332845499992,12.641112090750994,12.674332845499992,13.815013123732658,20.00219411969999
80,12,linCmt,TVKA,structural_other,0.7,100,0,0,0,0,0
80,12,linCmt,TVQ,structural_other,1.8,100,3.141928927038863,3.3271549873092896,3.141928927038863,3.8169639107841684,5.611514971094129
80,12,linCmt,TVVp,structural_other,80,100,1.274107230628747,1.3540127954816428,1.3423072658093373,1.917345077649654,3.2089363853391917
80,12,linCmt,cov_VcCL,structural_other,0.02,100,-9.28381066750002,-4.3385439013355,28.538422589999975,38.8060448741692,63.7325940115101
80,12,linCmt,var_CL,structural_other,0.1,100,-5.42813186444998,-5.824247604636009,12.480362498300014,16.78971179089263,26.61617235903001
80,12,linCmt,var_Vc,structural_other,0.1,100,-26.03629027505002,-26.468358961933003,26.41893716880001,32.61681062160661,50.557175273330046
80,12,ode,CLBW,covariate_beta,0.75,84,-1.4262715403333386,1.4127615357412702,12.978173981066664,27.49543995010496,35.71595237050667
80,12,ode,VcBW,covariate_beta,1,81,-9.410548898899995,-8.097846183649382,12.510506523999998,18.630450766301827,28.493774244799997
80,12,ode,VcSEX,covariate_beta,0.4054651081081644,96,-0.6115103362982734,2.0327221966638827,15.279777335195103,22.63569145357286,34.923734113448035
80,12,ode,TVCL,structural_intercept,0.6,97,-10.12903961673158,-8.66067764216909,10.851643152565149,12.88608410218573,18.434334267176148
80,12,ode,TVVc,structural_intercept,20,97,-9.3463345301795009,-8.7765509764510945,10.655784068381067,12.773245009630493,19.334142797709195
80,12,ode,ResErr,structural_other,0.1,97,12.543079219999989,12.66083222195051,12.543079219999989,13.904013649720925,19.787371022399995
80,12,ode,TVKA,structural_other,0.7,97,0,0,0,0,0
80,12,ode,TVQ,structural_other,1.8,97,3.254002912913445,3.319242886270036,3.254002912913445,3.829013817900895,5.626380408198295
80,12,ode,TVVp,structural_other,80,97,1.2993709623387062,1.3630194653499672,1.3112144992629915,1.9545569402502454,3.34176863581665
80,12,ode,cov_VcCL,structural_other,0.02,97,-10.071897961500003,-3.7723183420639184,28.59102264199999,38.82101937554942,63.46945705339999
80,12,ode,var_CL,structural_other,0.1,97,-5.382432829800041,-5.624487657095884,12.394429007900026,16.727744489869913,26.03227648080002
80,12,ode,var_Vc,structural_other,0.1,97,-25.16186002590004,-25.996525368380414,25.863729990399996,32.031468233588754,48.88634904656002
80,13,linCmt,CLBW,covariate_beta,0.75,86,-0.6302309263333342,2.1943465815286824,11.489045155,25.784747417079224,41.61904838713333
80,13,linCmt,CLcrCL,covariate_beta,0.5,100,-0.8680443955000006,3.6890792853799996,16.228321158300002,22.494604412132887,38.44402247812
80,13,linCmt,TVCL,structural_intercept,0.6,100,-12.66327225185034,-12.060239147650277,12.829531133701389,14.564987405466947,20.778672928491872
80,13,linCmt,TVVc,structural_intercept,20,100,0.5987780232710804,1.1747005286248005,3.2487344222023746,8.3089590306865,9.505462547319214
80,13,linCmt,ResErr,structural_other,0.1,100,18.41521653799999,18.001150108719994,18.41521653799999,18.637831760861257,23.360411448900013
80,13,linCmt,TVKA,structural_other,0.7,100,0,0,0,0,0
80,13,linCmt,TVQ,structural_other,1.8,100,3.856234786999424,3.9810014896034023,3.856234786999424,4.203751594597442,5.626293145279475
80,13,linCmt,TVVp,structural_other,80,100,2.1292823005845296,2.121990928934871,2.1292823005845296,2.498618435266285,3.8271760829602646
80,13,linCmt,cov_VcCL,structural_other,0.02,100,-22.25245286925003,-14.758232422685454,34.35940661424999,46.349865251732794,79.3187559624699
80,13,linCmt,var_CL,structural_other,0.1,100,-4.523390696099999,-3.8865434521680107,12.82011051745003,15.383102170554656,24.28677550133001
80,13,linCmt,var_Vc,structural_other,0.1,100,-55.748397245499994,-53.585346009193,55.748397245499994,56.26806380670628,70.76349143792002
80,13,ode,CLBW,covariate_beta,0.75,79,-0.5051689707999962,2.6171993612084385,11.734012153599993,26.13581866659557,40.99463185050667
80,13,ode,CLcrCL,covariate_beta,0.5,92,-2.158556713299997,2.638290476558696,16.0643000085,22.229979178498198,37.956762335560015
80,13,ode,TVCL,structural_intercept,0.6,92,-12.785341009012344,-11.881543404577322,12.811078098334189,14.587195195127393,21.331486657982545
80,13,ode,TVVc,structural_intercept,20,92,0.6479669060854931,1.1467861374270203,3.0899886370062646,7.736843885053485,8.63480230027564
80,13,ode,ResErr,structural_other,0.1,92,18.4626494275,17.92615527666304,18.4626494275,18.565291812485853,23.392419294799993
80,13,ode,TVKA,structural_other,0.7,92,0,0,0,0,0
80,13,ode,TVQ,structural_other,1.8,92,3.958708713884028,4.086990743906051,3.958708713884028,4.328855174945607,5.88871027527705
80,13,ode,TVVp,structural_other,80,92,2.108555369810361,2.1618011611039125,2.108555369810361,2.4932630295883897,3.8775900809575727
80,13,ode,cov_VcCL,structural_other,0.02,92,-20.64258761250001,-13.502907333175267,36.140349746999995,46.522218240418844,80.82515541874014
80,13,ode,var_CL,structural_other,0.1,92,-3.487951598450001,-3.0252630404010907,12.61150234045003,15.028862567339782,22.832618535150008
80,13,ode,var_Vc,structural_other,0.1,92,-55.81096858919998,-52.797054055315215,55.81096858919998,55.318193614079036,68.99524740666001
80,14,linCmt,CLBW,covariate_beta,0.75,88,2.8656731914666667,3.5399923720409094,15.039562528333338,24.046005131495964,38.39275515616
80,14,linCmt,CLcrCL,covariate_beta,0.5,100,1.4358920885999993,2.7314664848060004,13.335303471500005,23.36580418399864,37.57872499284
80,14,linCmt,VcSEX,covariate_beta,0.4054651081081644,98,-10.968812581476191,-10.900799743282827,14.500972243292292,21.907404532366094,37.16946724042901
80,14,linCmt,TVCL,structural_intercept,0.6,100,-14.484464974698641,-12.488372700195423,14.58594621457186,15.087184434898044,21.407092911444924
80,14,linCmt,TVVc,structural_intercept,20,100,2.391603845870085,2.6927191964328174,4.222981417402574,7.504874238337021,10.676999480697557
80,14,linCmt,ResErr,structural_other,0.1,100,15.577862452499994,15.916801368409994,15.577862452499994,16.893795254410673,22.22582755569999
80,14,linCmt,TVKA,structural_other,0.7,100,0,0,0,0,0
80,14,linCmt,TVQ,structural_other,1.8,100,3.111865614438171,3.381272833257249,3.111865614438171,3.818277514383048,5.731304520251612
80,14,linCmt,TVVp,structural_other,80,100,1.8225393966243078,1.7988413334330302,1.8243174845657697,2.1934346997099667,3.2085350024520967
80,14,linCmt,cov_VcCL,structural_other,0.02,100,-6.946797140750033,-3.5553895669010043,26.396453377,34.8353853805691,55.60618474059999
80,14,linCmt,var_CL,structural_other,0.1,100,-6.748473193550007,-5.580240734366006,12.359658569549985,16.96471428137458,25.34714731248001
80,14,linCmt,var_Vc,structural_other,0.1,100,-34.57016619565002,-33.539058863842,34.57016619565002,38.185404678571636,55.458198719710026
80,14,ode,CLBW,covariate_beta,0.75,75,0.9409049142666603,2.4125156448142224,13.93010904373333,24.467131480215343,39.509504037946684
80,14,ode,CLcrCL,covariate_beta,0.5,86,2.5118103255999946,3.8912654610674413,13.134951114100001,23.56601693986499,37.9047588271
80,14,ode,VcSEX,covariate_beta,0.4054651081081644,85,-11.548817020199104,-11.42861721772509,14.325094806843335,22.783282839066576,39.45498054716872
80,14,ode,TVCL,structural_intercept,0.6,86,-13.368785935769772,-11.90383819045871,13.52146452797745,14.681986147273097,21.10421099822617
80,14,ode,TVVc,structural_intercept,20,86,2.26795491478061,2.5585580904596164,4.167490945779022,7.752046015246705,11.29176525274782
80,14,ode,ResErr,structural_other,0.1,86,15.464565098499994,15.834941876116273,15.464565098499994,16.858812881705337,22.559414322499993
80,14,ode,TVKA,structural_other,0.7,86,0,0,0,0,0
80,14,ode,TVQ,structural_other,1.8,86,3.2230959230324867,3.433084172939534,3.2230959230324867,3.884070278075936,5.786327667845678
80,14,ode,TVVp,structural_other,80,86,1.9737928153051956,1.8627100687308853,2.0100577011589937,2.285673070118451,3.34877832462583
80,14,ode,cov_VcCL,structural_other,0.02,86,-5.09526860349995,-3.4286640919639524,21.66507111125002,34.64949883948165,55.67496452267502
80,14,ode,var_CL,structural_other,0.1,86,-8.457371357700014,-7.007921345515121,12.503580387499996,16.781148250151155,25.550784363549973
80,14,ode,var_Vc,structural_other,0.1,86,-35.927903439200016,-34.07511587315233,35.927903439200016,38.956971949054044,55.0384118819
80,15,linCmt,CLBW,covariate_beta,0.75,86,-0.5247526140000014,4.428721114981395,15.724957040933335,26.397435663220165,41.07384593666666
80,15,linCmt,CLcrCL,covariate_beta,0.5,99,0.5711862057999895,1.3570875131919187,19.944631073600007,25.59173036720761,39.18996637256
80,15,linCmt,VcBW,covariate_beta,1,89,-8.200132427499994,-7.933172000383147,11.717923564900001,17.279347322212505,27.278793450180004
80,15,linCmt,TVCL,structural_intercept,0.6,100,-13.977733691619571,-11.733291231189554,14.959001611892203,16.846462935585794,21.816331220065397
80,15,linCmt,TVVc,structural_intercept,20,100,-11.25658149096062,-10.15349757696275,12.090601287329122,13.802741653802633,20.94422095571614
80,15,linCmt,ResErr,structural_other,0.1,100,16.710664139,16.357513652369995,16.710664139,16.97969440711664,21.931858986600002
80,15,linCmt,TVKA,structural_other,0.7,100,0,0,0,0,0
80,15,linCmt,TVQ,structural_other,1.8,100,3.6304269922206465,3.541716145083428,3.6304269922206465,3.96724266876177,5.970601125334774
80,15,linCmt,TVVp,structural_other,80,100,1.983084712291925,1.9161781817051673,1.986882322428336,2.3131662039059386,3.51337130230252
80,15,linCmt,cov_VcCL,structural_other,0.02,100,-0.01828372825000632,-1.040475247214004,25.224158664499967,35.40409757009501,59.79727642961501
80,15,linCmt,var_CL,structural_other,0.1,100,-5.0710878217500035,-4.016679498315008,12.625360150050009,17.380240279944957,28.177619741599962
80,15,linCmt,var_Vc,structural_other,0.1,100,-42.55994743955002,-40.228633735028005,42.55994743955002,43.937949526796146,60.383231663920014
80,15,ode,CLBW,covariate_beta,0.75,75,-0.8607873398666607,4.542683273221333,14.543586955200002,27.356449218271646,45.16212378037338
80,15,ode,CLcrCL,covariate_beta,0.5,86,-0.6205291506999999,1.0239449968046506,20.0904602363,26.264920403627556,41.35386894569999
80,15,ode,VcBW,covariate_beta,1,79,-9.704557288000004,-7.870999827753165,12.749883500999992,19.081438811337318,28.2271124597
80,15,ode,TVCL,structural_intercept,0.6,87,-13.628920132810382,-12.281525325772899,14.76033393738587,15.954341982090718,21.91309652736191
80,15,ode,TVVc,structural_intercept,20,87,-10.812941570710297,-10.008008788703096,11.472739874258,13.970067779559278,20.90655312936781
80,15,ode,ResErr,structural_other,0.1,87,16.773360934999996,16.304028115678157,16.773360934999996,16.893677023007413,21.766236734599996
80,15,ode,TVKA,structural_other,0.7,87,0,0,0,0,0
80,15,ode,TVQ,structural_other,1.8,87,3.5850427545228465,3.5132927448462867,3.5850427545228465,3.9308610330654608,5.854671242011517
80,15,ode,TVVp,structural_other,80,87,2.1243027739716958,2.0015563565693206,2.1243027739716958,2.36160062579333,3.6530594118783464
80,15,ode,cov_VcCL,structural_other,0.02,87,-1.2862385894999577,-2.762786214631034,22.439870230000047,35.61614366863576,60.80821637632001
80,15,ode,var_CL,structural_other,0.1,87,-5.058976084300032,-4.36936779353219,13.190673871000037,17.817416910395544,28.406020496460005
80,15,ode,var_Vc,structural_other,0.1,87,-42.13468883299997,-40.176071849709196,42.13468883299997,43.77737566959819,62.278033156799985
80,16,linCmt,CLBW,covariate_beta,0.75,83,1.7608325602666675,2.5619868202297185,17.37034497346667,29.080014084579958,46.06209789589333
80,16,linCmt,CLcrCL,covariate_beta,0.5,100,-7.968752558799997,-3.3900114981500002,14.563892460600004,22.34599041112764,34.74204560632002
80,16,linCmt,VcBW,covariate_beta,1,91,-3.6191866703999986,-1.5958242687065936,11.206355236999999,21.94730082209356,33.486398199300005
80,16,linCmt,VcSEX,covariate_beta,0.4054651081081644,97,-5.364336845813638,-5.217434010041795,16.973168771850386,21.74015991718167,34.56649240683264
80,16,linCmt,TVCL,structural_intercept,0.6,100,-12.424941261560289,-11.432646271602287,12.424941261560289,14.600277051336757,20.321467149962753
80,16,linCmt,TVVc,structural_intercept,20,100,-11.974954981132067,-10.922166273115657,12.680844489853744,13.703769833847584,19.2288416268181
80,16,linCmt,ResErr,structural_other,0.1,100,13.247115225999995,13.511429866519995,13.247115225999995,14.46812481130881,19.739802849699995
80,16,linCmt,TVKA,structural_other,0.7,100,0,0,0,0,0
80,16,linCmt,TVQ,structural_other,1.8,100,3.350839204962911,3.322560972534844,3.350839204962911,3.7196651015013993,5.432381203789133
80,16,linCmt,TVVp,structural_other,80,100,1.932860311309499,1.7667176111167062,1.937040558603469,2.3674859574056337,3.520031062736042
80,16,linCmt,cov_VcCL,structural_other,0.02,100,-2.440911904249979,4.466673103467499,26.40381550500001,43.27730487029464,76.81976642567501
80,16,linCmt,var_CL,structural_other,0.1,100,-5.935690390000026,-5.535599470198005,11.483518480349987,17.759359428717655,28.354653219910002
80,16,linCmt,var_Vc,structural_other,0.1,100,-30.484404843699984,-29.029502545645002,30.67635875994999,33.62120108054596,50.66539385808001
80,16,ode,CLBW,covariate_beta,0.75,74,0.8584871401999964,2.406805246172972,16.967409331400003,29.64247712492038,46.91596585204
80,16,ode,CLcrCL,covariate_beta,0.5,88,-8.685178245700003,-3.66080758925,14.620588951600006,22.948679455946262,35.81487965446
80,16,ode,VcBW,covariate_beta,1,80,-4.541857985699998,-2.86014609786375,10.898388830250006,21.432356361781473,33.74728640225001
80,16,ode,VcSEX,covariate_beta,0.4054651081081644,86,-4.585548661736992,-4.60347551461331,17.1736355915795,22.06784980716656,34.8736871025112
80,16,ode,TVCL,structural_intercept,0.6,88,-12.135041288590878,-11.574270282310836,12.135041288590878,14.544944960196895,20.471171115731117
80,16,ode,TVVc,structural_intercept,20,88,-11.697176425016682,-10.978645603379741,12.499522622355714,13.961691012836056,19.865760293202754
80,16,ode,ResErr,structural_other,0.1,88,13.294911222499989,13.477446361977266,13.294911222499989,14.415292992100573,20.1467821151
80,16,ode,TVKA,structural_other,0.7,88,0,0,0,0,0
80,16,ode,TVQ,structural_other,1.8,88,3.4293631296467564,3.3246163107438034,3.4293631296467564,3.7169403974997977,5.3811504861545085
80,16,ode,TVVp,structural_other,80,88,1.903676611796996,1.7295687747855286,1.955869218064743,2.3685777401273413,3.4932719489244035
80,16,ode,cov_VcCL,structural_other,0.02,88,-3.9274569202500316,3.9961252061232932,25.581028646250004,41.981931094315755,75.21664327845498
80,16,ode,var_CL,structural_other,0.1,88,-6.342187982950019,-5.65565692882501,11.887511909250026,17.78767740434241,28.571871796609976
80,16,ode,var_Vc,structural_other,0.1,88,-30.371545337100013,-28.659279135444322,30.620113488349986,33.22314223504137,50.89190416857
